year_month,cpi_used_cars,fedfunds,consumer_sentiment,unemployment,total_vehicle_sales,credit_spread,cpi_multiplier
1953-01,46.3,,,2.9,,,0.3146745021901481
1953-02,46.8,,90.7,2.6,,,0.31807271495678036
1953-03,46.9,,,2.6,,,0.31875235751010683
1953-04,47.3,,,2.7,,,0.3214709277234126
1953-05,47.5,,,2.5,,,0.3228302128300656
1953-06,47.6,,,2.5,,,0.32350985538339205
1953-07,48.4,,,2.6,,,0.32894699581000364
1953-08,48.8,,80.8,2.7,,,0.33166556602330943
1953-09,49.5,,,2.9,,,0.33642306389659465
1953-10,48.1,,,3.1,,,0.3269080681500243
1953-11,45.2,,80.7,3.5,,,0.3071984341035571
1953-12,45.0,,,4.5,,,0.30583914899690423
1954-01,47.6,,,4.9,,,0.32350985538339205
1954-02,47.3,,82.0,5.2,,,0.3214709277234126
1954-03,47.2,,,5.7,,,0.3207912851700862
1954-04,48.0,,,5.9,,,0.32622842559669785
1954-05,48.3,,82.9,5.9,,,0.32826735325667716
1954-06,48.1,,,5.6,,,0.3269080681500243
1954-07,45.6,0.8,,5.8,,,0.309917004316863
1954-08,45.9,1.22,,6.0,,,0.3119559319768423
1954-09,45.9,1.07,,6.1,,,0.3119559319768423
1954-10,43.1,0.85,,5.7,,,0.29292594048370163
1954-11,45.5,0.83,87.0,5.3,,,0.3092373617635365
1954-12,45.6,1.28,,5.0,,,0.309917004316863
1955-01,45.7,1.39,,4.9,,,0.3105966468701894
1955-02,45.7,1.29,95.9,4.7,,,0.3105966468701894
1955-03,45.5,1.35,,4.6,,,0.3092373617635365
1955-04,44.4,1.43,,4.7,,,0.3017612936769455
1955-05,44.5,1.43,99.1,4.3,,,0.30244093623027196
1955-06,45.0,1.64,,4.2,,,0.30583914899690423
1955-07,44.8,1.68,,4.0,,,0.3044798638902513
1955-08,44.4,1.96,,4.2,,,0.3017612936769455
1955-09,44.1,2.18,,4.1,,,0.29972236601696617
1955-10,45.0,2.24,,4.3,,,0.30583914899690423
1955-11,45.0,2.35,99.7,4.2,,,0.30583914899690423
1955-12,44.5,2.48,,4.2,,,0.30244093623027196
1956-01,44.5,2.45,,4.0,,,0.30244093623027196
1956-02,44.7,2.5,,3.9,,,0.30380022133692486
1956-03,45.3,2.5,,4.2,,,0.30787807665688355
1956-04,45.1,2.62,,4.0,,,0.3065187915502307
1956-05,45.4,2.75,98.2,4.3,,,0.30855771921021
1956-06,45.4,2.71,,4.3,,,0.30855771921021
1956-07,45.7,2.75,,4.4,,,0.3105966468701894
1956-08,46.1,2.73,99.9,4.1,,,0.31331521708349525
1956-09,46.3,2.95,,3.9,,,0.3146745021901481
1956-10,49.3,2.96,,3.9,,,0.3350637787899417
1956-11,47.5,2.88,100.2,4.3,,,0.3228302128300656
1956-12,48.1,2.94,,4.2,,,0.3269080681500243
1957-01,48.4,2.84,,4.2,,,0.32894699581000364
1957-02,48.5,3.0,,3.9,,,0.3296266383633301
1957-03,48.4,2.96,,3.7,,,0.32894699581000364
1957-04,48.8,3.0,,3.9,,,0.33166556602330943
1957-05,48.6,3.0,92.9,4.1,,,0.3303062809166566
1957-06,48.5,3.0,,4.3,,,0.3296266383633301
1957-07,48.6,2.99,,4.2,,,0.3303062809166566
1957-08,48.8,3.24,,4.1,,,0.33166556602330943
1957-09,48.9,3.47,,4.4,,,0.3323452085766359
1957-10,46.2,3.5,,4.5,,,0.31399485963682167
1957-11,49.6,3.28,83.7,5.1,,,0.33710270644992113
1957-12,49.1,2.98,,5.2,,,0.33370449368328886
1958-01,49.0,2.72,,5.8,,,0.3330248511299624
1958-02,49.3,1.67,78.5,6.4,,,0.3350637787899417
1958-03,49.2,1.2,,6.7,,,0.3343841362366153
1958-04,49.4,1.26,,7.4,,,0.3357434213432682
1958-05,49.3,0.63,80.9,7.4,,,0.3350637787899417
1958-06,49.5,0.93,,7.3,,,0.33642306389659465
1958-07,49.9,0.68,,7.5,,,0.33914163410990045
1958-08,50.1,1.53,,7.4,,,0.3405009192165534
1958-09,50.8,1.76,,7.1,,,0.3452584170898385
1958-10,50.4,1.8,,6.7,,,0.3425398468765327
1958-11,51.8,2.27,90.8,6.2,,,0.35205484262310305
1958-12,52.3,2.42,,6.2,,,0.3554530553897353
1959-01,51.9,2.48,,6.0,,,0.3527344851764295
1959-02,52.0,2.43,,5.9,,,0.353414127729756
1959-03,52.2,2.8,,5.6,,,0.3547734128364089
1959-04,52.1,2.96,,5.2,,,0.3540937702830825
1959-05,52.3,2.9,95.3,5.1,,,0.3554530553897353
1959-06,52.4,3.39,,5.0,,,0.3561326979430618
1959-07,52.4,3.47,,5.1,,,0.3561326979430618
1959-08,52.3,3.5,,5.2,,,0.3554530553897353
1959-09,52.5,3.76,,5.5,,,0.35681234049638827
1959-10,52.4,3.98,,5.7,,,0.3561326979430618
1959-11,52.3,4.0,93.8,5.8,,,0.3554530553897353
1959-12,52.4,3.99,,5.3,,,0.3561326979430618
1960-01,52.1,3.99,,5.2,,,0.3540937702830825
1960-02,52.1,3.97,100.0,4.8,,,0.3540937702830825
1960-03,51.6,3.84,,5.4,,,0.3506955575164502
1960-04,51.9,3.92,,5.2,,,0.3527344851764295
1960-05,51.9,3.85,93.3,5.1,,,0.3527344851764295
1960-06,51.6,3.32,,5.4,,,0.3506955575164502
1960-07,51.8,3.23,,5.5,,,0.35205484262310305
1960-08,51.7,2.98,97.2,5.6,,,0.3513752000697766
1960-09,51.2,2.6,,5.5,,,0.34797698730314436
1960-10,51.3,2.47,,6.1,,,0.3486566298564708
1960-11,50.7,2.44,90.1,6.1,,,0.3445787745365121
1960-12,51.0,1.98,,6.6,,,0.34661770219649146
1961-01,51.3,1.45,,6.6,,,0.3486566298564708
1961-02,51.3,2.54,91.6,6.9,,,0.3486566298564708
1961-03,51.5,2.02,,6.9,,,0.35001591496312373
1961-04,51.5,1.49,,7.0,,,0.35001591496312373
1961-05,51.6,1.98,92.5,7.1,,,0.3506955575164502
1961-06,51.6,1.73,,6.9,,,0.3506955575164502
1961-07,51.7,1.17,,7.0,,,0.3513752000697766
1961-08,51.9,2.0,99.2,6.6,,,0.3527344851764295
1961-09,52.2,1.88,,6.7,,,0.3547734128364089
1961-10,51.8,2.26,,6.5,,,0.35205484262310305
1961-11,51.0,2.61,93.0,6.1,,,0.34661770219649146
1961-12,51.2,2.33,,6.0,,,0.34797698730314436
1962-01,51.4,2.15,,5.8,,,0.34933627240979725
1962-02,51.2,2.37,99.9,5.5,,,0.34797698730314436
1962-03,51.4,2.85,,5.6,,,0.34933627240979725
1962-04,51.4,2.78,,5.6,,,0.34933627240979725
1962-05,51.4,2.36,95.4,5.5,,,0.34933627240979725
1962-06,51.5,2.68,,5.5,,,0.35001591496312373
1962-07,51.5,2.71,,5.4,,,0.35001591496312373
1962-08,51.6,2.93,91.6,5.7,,,0.3506955575164502
1962-09,51.8,2.9,,5.6,,,0.35205484262310305
1962-10,51.1,2.9,,5.4,,,0.34729734474981794
1962-11,51.2,2.94,95.0,5.7,,,0.34797698730314436
1962-12,50.9,2.93,,5.5,,,0.345938059643165
1963-01,50.9,2.92,,5.7,,,0.345938059643165
1963-02,50.9,3.0,98.4,5.9,,,0.345938059643165
1963-03,50.9,2.98,,5.7,,,0.345938059643165
1963-04,50.8,2.9,,5.7,,,0.3452584170898385
1963-05,51.0,3.0,91.7,5.9,,,0.34661770219649146
1963-06,51.3,2.99,,5.6,,,0.3486566298564708
1963-07,51.1,3.02,,5.6,,,0.34729734474981794
1963-08,51.0,3.49,96.4,5.4,,,0.34661770219649146
1963-09,51.5,3.48,,5.5,,,0.35001591496312373
1963-10,51.4,3.5,,5.5,,,0.34933627240979725
1963-11,51.0,3.48,94.4,5.7,,,0.34661770219649146
1963-12,50.7,3.38,,5.5,,,0.3445787745365121
1964-01,51.1,3.48,,5.6,,,0.34729734474981794
1964-02,51.2,3.48,99.5,5.4,,,0.34797698730314436
1964-03,51.1,3.43,,5.4,,,0.34729734474981794
1964-04,51.1,3.47,,5.3,,,0.34729734474981794
1964-05,51.1,3.5,98.5,5.1,,,0.34729734474981794
1964-06,51.0,3.5,,5.2,,,0.34661770219649146
1964-07,51.1,3.42,,4.9,,,0.34729734474981794
1964-08,50.9,3.5,100.6,5.0,,,0.345938059643165
1964-09,50.9,3.45,,5.1,,,0.345938059643165
1964-10,50.5,3.36,,5.1,,,0.3432194894298592
1964-11,50.7,3.52,99.9,4.8,,,0.3445787745365121
1964-12,50.5,3.85,,5.0,,,0.3432194894298592
1965-01,50.7,3.9,,4.9,,,0.3445787745365121
1965-02,50.6,3.98,102.0,5.1,,,0.34389913198318567
1965-03,50.6,4.05,,4.7,,,0.34389913198318567
1965-04,50.6,4.09,,4.8,,,0.34389913198318567
1965-05,50.5,4.1,105.4,4.6,,,0.3432194894298592
1965-06,49.3,4.05,,4.6,,,0.3350637787899417
1965-07,49.4,4.09,,4.4,,,0.3357434213432682
1965-08,49.5,4.12,103.4,4.4,,,0.33642306389659465
1965-09,49.8,4.02,,4.3,,,0.33846199155657397
1965-10,48.7,4.08,,4.2,,,0.330985923469983
1965-11,48.8,4.1,102.9,4.1,,,0.33166556602330943
1965-12,49.0,4.32,,4.0,,,0.3330248511299624
1966-01,48.6,4.42,,4.0,,,0.3303062809166566
1966-02,48.7,4.6,100.0,3.8,,,0.330985923469983
1966-03,48.7,4.66,,3.8,,,0.330985923469983
1966-04,49.0,4.67,,3.8,,,0.3330248511299624
1966-05,48.9,4.9,95.7,3.9,,,0.3323452085766359
1966-06,49.0,5.17,,3.8,,,0.3330248511299624
1966-07,49.2,5.3,,3.8,,,0.3343841362366153
1966-08,49.0,5.53,91.2,3.8,,,0.3330248511299624
1966-09,48.9,5.4,,3.7,,,0.3323452085766359
1966-10,49.0,5.53,,3.7,,,0.3330248511299624
1966-11,49.1,5.76,88.3,3.6,,,0.33370449368328886
1966-12,48.9,5.4,,3.8,,,0.3323452085766359
1967-01,48.6,4.94,,3.9,,,0.3303062809166566
1967-02,48.6,5.0,94.1,3.8,,,0.3303062809166566
1967-03,48.7,4.53,,3.8,,,0.330985923469983
1967-04,48.8,4.05,,3.8,,,0.33166556602330943
1967-05,48.9,3.94,95.9,3.8,,,0.3323452085766359
1967-06,49.0,3.98,,3.9,,,0.3330248511299624
1967-07,49.3,3.79,,3.8,,,0.3350637787899417
1967-08,49.6,3.9,97.0,3.8,,,0.33710270644992113
1967-09,49.9,3.99,,3.8,,,0.33914163410990045
1967-10,50.4,3.88,,4.0,,,0.3425398468765327
1967-11,50.3,4.13,92.9,3.9,,,0.34186020432320624
1967-12,50.3,4.51,,3.8,,,0.34186020432320624
1968-01,50.2,4.61,,3.7,,,0.3411805617698798
1968-02,50.3,4.71,97.2,3.8,,,0.34186020432320624
1968-03,50.3,5.05,,3.7,,,0.34186020432320624
1968-04,50.4,5.76,,3.5,,,0.3425398468765327
1968-05,50.5,6.12,92.4,3.5,,,0.3432194894298592
1968-06,50.6,6.07,,3.7,,,0.34389913198318567
1968-07,50.7,6.03,,3.7,,,0.3445787745365121
1968-08,50.8,6.03,92.4,3.5,,,0.3452584170898385
1968-09,51.1,5.78,,3.4,,,0.34729734474981794
1968-10,51.3,5.91,,3.4,,,0.3486566298564708
1968-11,51.5,5.82,91.7,3.4,,,0.35001591496312373
1968-12,51.0,6.02,,3.4,,,0.34661770219649146
1969-01,50.8,6.3,,3.4,,,0.3452584170898385
1969-02,51.0,6.61,98.2,3.4,,,0.34661770219649146
1969-03,51.2,6.79,,3.4,,,0.34797698730314436
1969-04,51.2,7.41,,3.4,,,0.34797698730314436
1969-05,51.3,8.67,91.5,3.4,,,0.3486566298564708
1969-06,51.4,8.9,,3.5,,,0.34933627240979725
1969-07,51.6,8.61,,3.5,,,0.3506955575164502
1969-08,51.8,9.19,86.4,3.5,,,0.35205484262310305
1969-09,51.6,9.15,,3.7,,,0.3506955575164502
1969-10,52.0,9.0,,3.7,,,0.353414127729756
1969-11,52.2,8.85,79.7,3.5,,,0.3547734128364089
1969-12,52.1,8.97,,3.5,,,0.3540937702830825
1970-01,52.0,8.98,,3.9,,,0.353414127729756
1970-02,52.1,8.98,78.1,4.2,,,0.3540937702830825
1970-03,52.3,7.76,,4.4,,,0.3554530553897353
1970-04,52.4,8.1,,4.6,,,0.3561326979430618
1970-05,52.4,7.95,75.4,4.8,,,0.3561326979430618
1970-06,52.4,7.61,,4.9,,,0.3561326979430618
1970-07,52.6,7.21,,5.0,,,0.35749198304971475
1970-08,53.0,6.62,77.6,5.1,,,0.36021055326302054
1970-09,53.5,6.29,,5.4,,,0.3636087660296528
1970-10,54.3,6.2,,5.5,,,0.3690459064562644
1970-11,55.0,5.6,72.4,5.9,,,0.3738034043295496
1970-12,55.7,4.9,,6.1,,,0.3785609022028348
1971-01,56.2,4.14,,5.9,,,0.38195911496946705
1971-02,56.3,3.72,78.1,5.9,,,0.38263875752279347
1971-03,56.1,3.71,,6.0,,,0.38127947241614063
1971-04,56.1,4.16,,5.9,,,0.38127947241614063
1971-05,56.2,4.63,80.2,5.9,,,0.38195911496946705
1971-06,56.3,4.91,,5.9,,,0.38263875752279347
1971-07,56.6,5.31,,6.0,,,0.3846776851827729
1971-08,54.7,5.57,82.1,6.1,,,0.37176447666957024
1971-09,53.6,5.55,,6.0,,,0.3642884085829793
1971-10,53.6,5.2,,5.8,,,0.3642884085829793
1971-11,53.6,4.91,82.0,6.0,,,0.3642884085829793
1971-12,54.0,4.14,,6.0,,,0.3670069787962851
1972-01,54.7,3.51,,5.8,,,0.37176447666957024
1972-02,54.7,3.3,92.8,5.7,,,0.37176447666957024
1972-03,54.9,3.83,,5.8,,,0.37312376177622314
1972-04,55.0,4.17,,5.7,,,0.3738034043295496
1972-05,55.0,4.27,88.6,5.7,,,0.3738034043295496
1972-06,55.0,4.46,,5.7,,,0.3738034043295496
1972-07,55.1,4.55,,5.6,,,0.3744830468828761
1972-08,55.3,4.81,95.2,5.6,,,0.37584233198952893
1972-09,55.6,4.87,,5.5,,,0.37788125964950836
1972-10,54.1,5.05,,5.6,,,0.36768662134961155
1972-11,54.0,5.06,90.7,5.3,,,0.3670069787962851
1972-12,54.2,5.33,,5.2,,,0.368366263902938
1973-01,54.1,5.94,,4.9,,,0.36768662134961155
1973-02,54.3,6.58,81.9,5.0,,,0.3690459064562644
1973-03,54.5,7.09,,4.9,,,0.37040519156291735
1973-04,54.7,7.12,,5.0,,,0.37176447666957024
1973-05,54.8,7.84,77.0,4.9,,,0.37244411922289666
1973-06,54.8,8.49,,4.9,,,0.37244411922289666
1973-07,55.1,10.4,,4.8,,,0.3744830468828761
1973-08,55.2,10.5,72.0,4.8,,,0.3751626894362025
1973-09,55.2,10.78,,4.8,,,0.3751626894362025
1973-10,55.0,10.01,,4.6,,,0.3738034043295496
1973-11,55.0,10.03,76.5,4.8,,,0.3738034043295496
1973-12,54.8,9.95,,4.9,,,0.37244411922289666
1974-01,55.1,9.65,,5.1,,,0.3744830468828761
1974-02,55.2,8.97,61.8,5.2,,,0.3751626894362025
1974-03,55.5,9.35,,5.1,,,0.3772016170961819
1974-04,55.8,10.51,,5.1,,,0.3792405447561612
1974-05,56.6,11.31,72.1,5.1,,,0.3846776851827729
1974-06,57.5,11.93,,5.4,,,0.39079446816271096
1974-07,58.6,12.92,,5.5,,,0.398270536249302
1974-08,59.0,12.01,64.4,5.5,,,0.40098910646260777
1974-09,59.8,11.34,,5.9,,,0.40642624688921936
1974-10,60.9,10.06,,6.0,,,0.41390231497581037
1974-11,61.0,9.45,59.5,6.6,,,0.41458195752913685
1974-12,61.0,8.53,,7.2,,,0.41458195752913685
1975-01,60.3,7.13,,8.1,,,0.4098244596558516
1975-02,61.1,6.24,57.6,8.1,,,0.4152616000824633
1975-03,62.7,5.54,,8.6,,,0.42613588093568655
1975-04,63.0,5.49,,8.8,,,0.4281748085956659
1975-05,62.7,5.22,72.8,9.0,,,0.42613588093568655
1975-06,62.9,5.55,,8.8,,,0.42749516604233945
1975-07,62.9,6.1,,8.6,,,0.42749516604233945
1975-08,63.3,6.14,75.7,8.4,,,0.43021373625564524
1975-09,63.7,6.24,,8.4,,,0.4329323064689511
1975-10,64.0,5.82,,8.4,,,0.43497123412893046
1975-11,64.2,5.22,75.6,8.3,,,0.43633051923558336
1975-12,65.3,5.2,,8.2,,,0.4438065873221743
1976-01,65.5,4.87,,7.9,12.814,,0.44516587242882727
1976-02,65.8,4.77,84.6,7.7,13.34,,0.4472048000888066
1976-03,66.1,4.84,,7.6,13.378,,0.44924372774878596
1976-04,66.3,4.82,,7.7,13.223,,0.45060301285543886
1976-05,66.4,5.29,83.3,7.4,12.962,,0.4512826554087654
1976-06,66.5,5.48,,7.6,13.051,,0.4519622979620918
1976-07,66.7,5.31,,7.8,13.466,,0.4533215830687447
1976-08,67.1,5.29,89.7,7.8,12.953,,0.4560401532820505
1976-09,67.6,5.25,,7.6,13.61,,0.45943836604868277
1976-10,68.7,5.02,,7.7,12.823,,0.4669144341352738
1976-11,68.4,4.95,87.0,7.8,13.332,,0.46487550647529446
1976-12,68.6,4.65,,7.8,14.527,,0.4662347915819473
1977-01,68.8,4.61,,7.5,14.396,,0.4675940766886002
1977-02,68.9,4.68,87.1,7.6,14.709,,0.46827371924192673
1977-03,69.3,4.69,,7.4,15.17,,0.47099228945523247
1977-04,69.4,4.73,,7.2,15.135,,0.471671932008559
1977-05,69.7,5.35,90.2,7.0,14.984,,0.4737108596685383
1977-06,70.0,5.39,,7.2,14.952,,0.4757497873285177
1977-07,70.3,5.42,,6.9,14.641,,0.477788714988497
1977-08,70.6,5.9,89.0,7.0,14.859,,0.4798276426484764
1977-09,70.9,6.14,,6.8,14.65,,0.4818665703084558
1977-10,72.1,6.47,,6.8,14.9,,0.4900222809483732
1977-11,72.6,6.51,84.4,6.8,14.799,,0.49342049371500546
1977-12,73.6,6.56,,6.4,15.175,,0.5002169192482699
1978-01,74.2,6.7,83.7,6.4,13.704,,0.5042947745682288
1978-02,74.5,6.78,84.3,6.3,14.363,,0.5063337022282081
1978-03,74.8,6.79,78.8,6.3,15.166,,0.5083726298881874
1978-04,74.7,6.89,81.6,6.1,16.198,,0.507692987334861
1978-05,74.9,7.36,82.9,6.0,16.298,,0.509052272441514
1978-06,75.4,7.6,80.0,5.9,16.348,,0.5124504852081462
1978-07,75.7,7.81,82.4,6.2,15.528,,0.5144894128681256
1978-08,76.0,8.04,78.4,5.9,16.045,,0.5165283405281049
1978-09,76.6,8.45,80.4,6.0,14.641,,0.5206061958480636
1978-10,77.3,8.96,79.3,5.8,15.845,,0.5253636937213488
1978-11,77.9,9.76,75.0,5.9,15.484,,0.5294415490413076
1978-12,78.6,10.03,66.1,6.0,15.338,,0.5341990469145926
1979-01,79.0,10.07,72.1,5.9,15.061,,0.5369176171278985
1979-02,79.8,10.06,73.9,5.9,15.321,,0.5423547575545101
1979-03,80.3,10.09,68.4,5.8,15.275,,0.5457529703211424
1979-04,81.2,10.01,66.0,5.8,14.742,,0.5518697533010806
1979-05,81.6,10.24,68.1,5.6,14.374,,0.5545883235143862
1979-06,81.9,10.29,65.8,5.7,12.744,,0.5566272511743657
1979-07,82.4,10.47,60.4,5.7,14.112,,0.560025463940998
1979-08,82.7,10.94,64.5,6.0,14.344,,0.5620643916009773
1979-09,82.9,11.43,66.7,5.9,14.292,,0.5634236767076303
1979-10,83.2,13.77,62.1,6.0,13.112,,0.5654626043676096
1979-11,83.8,13.18,63.3,5.9,13.025,,0.5695404596875683
1979-12,84.2,13.78,61.0,6.0,13.496,,0.5722590299008742
1980-01,85.2,13.82,67.0,6.3,14.439,,0.5790554554341387
1980-02,86.3,14.13,66.9,6.3,13.276,,0.5865315235207297
1980-03,86.5,17.19,56.5,6.3,12.077,,0.5878908086273825
1980-04,87.4,17.61,52.7,6.9,10.444,,0.5940075916073206
1980-05,88.0,10.98,51.7,7.5,9.54,,0.5980854469272794
1980-06,87.9,9.47,58.7,7.6,10.449,,0.597405804373953
1980-07,88.5,9.03,62.3,7.8,11.664,,0.6014836596939116
1980-08,89.8,9.61,67.3,7.7,11.154,,0.6103190128871555
1980-09,90.5,10.87,73.7,7.5,10.912,,0.6150765107604407
1980-10,90.3,12.81,75.0,7.5,11.412,,0.6137172256537878
1980-11,90.6,15.85,76.7,7.5,11.257,,0.6157561533137671
1980-12,90.6,18.9,64.5,7.2,10.939,,0.6157561533137671
1981-01,90.9,19.08,71.4,7.5,11.282,,0.6177950809737466
1981-02,90.9,15.93,66.9,7.4,12.351,,0.6177950809737466
1981-03,90.4,14.7,66.5,7.4,12.427,,0.6143968682071143
1981-04,91.9,15.72,72.4,7.2,10.49,,0.6245915065070111
1981-05,93.9,18.52,76.3,7.5,10.354,,0.6381843575735402
1981-06,94.7,19.1,73.1,7.5,10.415,,0.6436214980001518
1981-07,95.1,19.04,74.1,7.2,10.428,,0.6463400682134576
1981-08,94.8,17.82,77.2,7.4,12.681,,0.6443011405534782
1981-09,95.1,15.87,73.1,7.6,11.08,,0.6463400682134576
1981-10,95.6,15.08,70.3,7.9,9.418,,0.6497382809800898
1981-11,96.1,13.31,62.5,8.3,9.494,,0.6531364937467221
1981-12,96.8,12.37,64.3,8.5,9.055,,0.6578939916200073
1982-01,96.9,13.22,71.0,8.6,10.285,,0.6585736341733338
1982-02,96.3,14.78,66.5,8.9,10.924,,0.6544957788533751
1982-03,96.0,14.68,62.0,9.0,10.651,,0.6524568511933957
1982-04,96.8,14.94,65.5,9.3,9.747,,0.6578939916200073
1982-05,97.2,14.45,67.5,9.4,11.103,,0.6606125618333132
1982-06,97.7,14.15,65.7,9.6,9.613,,0.6640107745999454
1982-07,98.1,12.59,65.4,9.8,9.759,,0.6667293448132512
1982-08,98.3,10.12,65.4,9.8,9.947,,0.6680886299199041
1982-09,98.3,10.31,69.3,10.1,11.129,,0.6680886299199041
1982-10,98.0,9.71,73.4,10.4,10.14,,0.6660497022599248
1982-11,97.9,9.2,72.1,10.8,12.03,,0.6653700597065983
1982-12,98.3,8.95,71.9,10.8,11.249,,0.6680886299199041
1983-01,98.6,8.68,70.4,10.4,10.865,,0.6701275575798834
1983-02,98.9,8.51,74.6,10.4,10.608,,0.6721664852398629
1983-03,99.0,8.77,80.8,10.3,11.023,,0.6728461277931893
1983-04,99.2,8.8,89.1,10.2,11.673,,0.6742054128998423
1983-05,99.5,8.63,93.3,10.1,12.028,,0.6762443405598215
1983-06,99.7,8.98,92.2,10.1,12.96,,0.6776036256664745
1983-07,99.8,9.37,92.8,9.4,12.917,,0.6782832682198009
1983-08,100.3,9.56,90.9,9.5,12.246,,0.6816814809864332
1983-09,100.6,9.45,89.9,9.2,12.451,,0.6837204086464125
1983-10,100.8,9.48,89.3,8.8,13.311,,0.6850796937530654
1983-11,101.0,9.34,91.1,8.5,13.125,,0.6864389788597184
1983-12,101.3,9.47,94.2,8.3,14.503,,0.6884779065196978
1984-01,101.4,9.56,100.1,8.0,14.21,,0.6891575490730242
1984-02,101.6,9.59,97.4,7.8,14.381,,0.690516834179677
1984-03,101.9,9.91,101.0,7.8,14.21,,0.6925557618396565
1984-04,102.1,10.29,96.1,7.7,14.357,,0.6939150469463093
1984-05,102.3,10.32,98.1,7.4,14.856,,0.6952743320529623
1984-06,102.5,11.06,95.5,7.2,14.673,,0.6966336171596151
1984-07,102.8,11.23,96.6,7.5,14.758,,0.6986725448195945
1984-08,103.0,11.64,99.1,7.5,14.279,,0.7000318299262475
1984-09,103.3,11.3,100.9,7.3,13.959,,0.7020707575862268
1984-10,103.5,9.99,96.3,7.4,14.642,,0.7034300426928797
1984-11,103.6,9.43,95.7,7.2,14.774,,0.7041096852462061
1984-12,103.7,8.38,92.9,7.3,14.602,,0.7047893277995326
1985-01,104.4,8.35,96.0,7.3,15.563,,0.7095468256728178
1985-02,104.9,8.5,93.7,7.2,15.724,,0.7129450384394501
1985-03,105.3,8.58,93.7,7.2,15.358,,0.7156636086527559
1985-04,105.5,8.27,94.6,7.3,15.521,,0.7170228937594088
1985-05,105.7,7.97,91.8,7.2,15.561,,0.7183821788660617
1985-06,106.0,7.53,96.5,7.4,15.093,,0.7204211065260411
1985-07,106.2,7.88,94.0,7.4,15.498,,0.721780391632694
1985-08,106.4,7.9,92.4,7.1,16.91,,0.7231396767393469
1985-09,106.8,7.92,92.1,7.1,19.104,,0.7258582469526527
1985-10,106.8,7.99,88.4,7.1,14.185,,0.7258582469526527
1985-11,107.3,8.05,90.9,7.0,14.622,,0.729256459719285
1985-12,107.4,8.27,93.9,7.0,15.711,,0.7299361022726114
1986-01,107.8,8.14,95.6,6.7,16.06,,0.7326546724859172
1986-02,108.1,7.86,95.9,7.2,15.371,,0.7346936001458966
1986-03,108.4,7.48,95.1,7.2,14.161,,0.736732527805876
1986-04,109.0,6.99,96.2,7.1,15.849,,0.7408103831258347
1986-05,109.9,6.85,94.8,7.2,16.302,,0.7469271661057728
1986-06,110.7,6.92,99.3,7.2,15.92,,0.7523643065323844
1986-07,111.3,6.56,97.7,7.0,15.742,,0.7564421618523431
1986-08,111.6,6.17,94.9,6.9,17.285,,0.7584810895123224
1986-09,111.8,5.89,91.9,7.0,21.495,,0.7598403746189754
1986-10,112.3,5.85,95.6,7.0,14.793,,0.7632385873856077
1986-11,113.1,6.04,91.4,6.9,14.822,,0.7686757278122193
1986-12,113.4,6.91,89.1,6.6,18.079,,0.7707146554721986
1987-01,113.9,6.43,90.4,6.6,12.414,,0.774112868238831
1987-02,112.9,6.1,90.2,6.6,15.109,,0.7673164427055664
1987-03,112.9,6.13,90.8,6.6,15.299,,0.7673164427055664
1987-04,113.3,6.37,92.8,6.3,15.452,,0.7700350129188722
1987-05,113.8,6.85,91.1,6.3,14.572,,0.7734332256855044
1987-06,114.3,6.73,91.5,6.2,15.619,,0.7768314384521368
1987-07,114.9,6.58,93.7,6.1,15.655,,0.7809092937720955
1987-08,115.0,6.73,94.4,6.0,17.092,,0.7815889363254219
1987-09,115.3,7.22,93.6,5.9,16.119,,0.7836278639854013
1987-10,115.4,7.29,89.3,6.0,14.258,,0.7843075065387277
1987-11,115.8,6.69,83.1,5.8,14.543,,0.7870260767520335
1987-12,115.4,6.77,86.8,5.7,15.645,,0.7843075065387277
1988-01,115.1,6.83,90.8,5.7,16.083,,0.7822685788787483
1988-02,115.1,6.58,91.6,5.7,16.513,,0.7822685788787483
1988-03,115.1,6.58,94.6,5.7,16.182,,0.7822685788787483
1988-04,115.4,6.87,91.2,5.4,15.545,,0.7843075065387277
1988-05,115.8,7.09,94.8,5.6,15.941,,0.7870260767520335
1988-06,116.3,7.51,94.7,5.4,15.854,,0.7904242895186658
1988-07,116.6,7.75,93.4,5.4,15.704,,0.7924632171786451
1988-08,117.1,8.01,97.4,5.6,15.385,,0.7958614299452774
1988-09,117.9,8.19,97.3,5.4,15.047,,0.8012985703718891
1988-10,117.9,8.3,94.1,5.4,15.162,,0.8012985703718891
1988-11,118.0,8.35,93.0,5.3,15.394,,0.8019782129252155
1988-12,118.0,8.76,91.9,5.3,16.437,,0.8019782129252155
1989-01,118.3,9.12,97.9,5.4,15.372,,0.8040171405851949
1989-02,118.5,9.36,95.4,5.2,14.991,,0.8053764256918478
1989-03,118.7,9.85,94.3,5.0,14.662,,0.8067357107985007
1989-04,118.9,9.84,91.5,5.2,16.024,,0.8080949959051537
1989-05,119.1,9.81,90.7,5.2,15.267,,0.8094542810118065
1989-06,119.1,9.53,90.6,5.3,14.384,,0.8094542810118065
1989-07,119.1,9.24,92.0,5.2,14.695,,0.8094542810118065
1989-08,119.0,8.99,89.6,5.2,16.547,,0.8087746384584801
1989-09,118.8,9.02,95.8,5.3,15.66,,0.8074153533518271
1989-10,119.3,8.84,93.9,5.3,13.581,,0.8108135661184595
1989-11,120.3,8.55,90.9,5.4,13.37,,0.817609991651724
1989-12,120.9,8.45,90.5,5.4,13.55,,0.8216878469716827
1990-01,121.3,8.23,93.0,5.4,16.308,,0.8244064171849885
1990-02,121.2,8.24,89.5,5.3,14.363,,0.8237267746316621
1990-03,120.9,8.28,91.3,5.2,14.486,,0.8216878469716827
1990-04,120.8,8.26,93.9,5.4,14.281,,0.8210082044183562
1990-05,120.9,8.18,90.6,5.4,14.022,,0.8216878469716827
1990-06,120.8,8.29,88.3,5.2,14.149,,0.8210082044183562
1990-07,120.8,8.15,88.2,5.5,14.081,,0.8210082044183562
1990-08,121.1,8.13,76.4,5.7,13.859,,0.8230471320783356
1990-09,121.2,8.2,72.8,5.9,14.298,,0.8237267746316621
1990-10,121.8,8.11,63.9,5.9,13.749,,0.8278046299516207
1990-11,122.5,7.81,66.0,6.2,13.134,,0.8325621278249059
1990-12,123.4,7.31,65.5,6.3,12.958,,0.838678910804844
1991-01,124.2,6.91,66.8,6.4,11.829,,0.8441160512314557
1991-02,124.8,6.25,70.4,6.6,12.409,,0.8481939065514144
1991-03,125.3,6.12,87.7,6.8,12.848,,0.8515921193180467
1991-04,125.5,5.91,81.8,6.7,12.038,,0.8529514044246995
1991-05,125.7,5.78,78.3,6.9,12.487,,0.8543106895313525
1991-06,126.0,5.9,82.1,6.9,12.719,,0.8563496171913318
1991-07,126.3,5.82,82.9,6.8,12.972,,0.8583885448513112
1991-08,126.4,5.66,82.0,6.9,12.565,,0.8590681874046376
1991-09,126.4,5.45,83.0,6.9,13.107,,0.8590681874046376
1991-10,126.7,5.21,78.3,7.0,12.217,,0.861107115064617
1991-11,127.0,4.81,69.1,7.0,12.576,,0.8631460427245964
1991-12,127.5,4.43,68.2,7.3,12.658,,0.8665442554912286
1992-01,127.6,4.03,67.5,7.3,12.591,,0.867223898044555
1992-02,127.9,4.06,68.8,7.4,12.927,,0.8692628257045345
1992-03,128.3,3.98,76.0,7.4,12.824,,0.8719813959178403
1992-04,128.6,3.73,77.2,7.4,12.55,,0.8740203235778196
1992-05,129.0,3.82,79.2,7.6,13.098,,0.8767388937911255
1992-06,129.3,3.76,80.4,7.8,13.543,,0.8787778214511048
1992-07,129.3,3.25,76.6,7.7,12.853,,0.8787778214511048
1992-08,129.8,3.3,76.1,7.6,12.873,,0.8821760342177372
1992-09,130.0,3.22,75.6,7.6,13.378,,0.88353531932439
1992-10,130.0,3.1,73.3,7.3,13.655,,0.88353531932439
1992-11,130.4,3.09,85.3,7.4,13.218,,0.8862538895376958
1992-12,130.5,2.92,91.0,7.4,13.784,,0.8869335320910222
1993-01,130.9,3.02,89.3,7.3,13.457,,0.8896521023043281
1993-02,131.1,3.03,86.6,7.1,12.969,,0.891011387410981
1993-03,131.3,3.07,85.9,7.0,13.326,,0.8923706725176339
1993-04,131.7,2.96,85.6,7.1,14.527,,0.8950892427309396
1993-05,132.2,3.0,80.3,7.1,14.519,,0.8984874554975719
1993-06,132.3,3.04,81.5,7.0,14.49,,0.8991670980508985
1993-07,132.9,3.06,77.0,6.9,14.451,,0.9032449533708572
1993-08,133.4,3.03,77.3,6.8,13.584,,0.9066431661374894
1993-09,133.6,3.09,77.9,6.7,13.99,,0.9080024512441423
1993-10,134.2,2.99,82.7,6.8,14.911,,0.912080306564101
1993-11,134.6,3.02,81.2,6.6,14.882,,0.9147988767774068
1993-12,134.9,2.96,88.2,6.5,15.004,,0.9168378044373863
1994-01,135.3,3.05,94.3,6.6,15.379,,0.9195563746506921
1994-02,135.7,3.25,93.2,6.6,15.52,,0.9222749448639977
1994-03,136.1,3.34,91.5,6.5,15.301,,0.9249935150773037
1994-04,136.4,3.56,92.6,6.4,16.013,,0.927032442737283
1994-05,137.0,4.01,92.8,6.1,14.577,,0.9311102980572418
1994-06,137.5,4.25,91.2,6.1,15.109,,0.934508510823874
1994-07,138.1,4.26,89.0,6.1,14.875,,0.9385863661438327
1994-08,138.4,4.47,91.7,6.0,15.359,,0.9406252938038121
1994-09,138.9,4.73,91.5,5.9,15.274,,0.9440235065704444
1994-10,139.2,4.76,92.7,5.8,15.894,,0.9460624342304237
1994-11,139.2,5.29,91.6,5.6,15.89,,0.9460624342304237
1994-12,139.4,5.45,95.1,5.5,15.584,,0.9474217193370766
1995-01,139.8,5.53,97.6,5.6,14.801,,0.9501402895503825
1995-02,139.9,5.92,95.1,5.4,14.861,,0.950819932103709
1995-03,140.0,5.98,90.3,5.4,15.256,,0.9514995746570354
1995-04,140.6,6.05,92.5,5.8,14.378,,0.955577429976994
1995-05,140.9,6.01,89.8,5.6,14.806,,0.9576163576369735
1995-06,141.1,6.0,92.7,5.6,15.407,,0.9589756427436263
1995-07,141.0,5.85,94.4,5.7,14.7,,0.9582960001902999
1995-08,141.1,5.74,96.2,5.7,15.368,,0.9589756427436263
1995-09,141.3,5.8,88.9,5.6,15.338,,0.9603349278502793
1995-10,141.6,5.76,90.2,5.5,14.861,,0.9623738555102586
1995-11,141.9,5.8,88.2,5.6,15.38,,0.964412783170238
1995-12,142.1,5.6,91.0,5.6,16.262,,0.9657720682768909
1996-01,142.4,5.56,89.3,5.6,14.812,,0.9678109959368703
1996-02,142.8,5.22,88.5,5.5,15.587,,0.9705295661501762
1996-03,143.0,5.31,93.7,5.5,16.044,,0.971888851256829
1996-04,143.0,5.22,92.7,5.6,15.466,,0.971888851256829
1996-05,143.2,5.24,89.4,5.6,15.993,,0.9732481363634818
1996-06,143.6,5.27,92.4,5.3,15.256,,0.9759667065767876
1996-07,143.8,5.4,94.7,5.5,15.074,,0.9773259916834407
1996-08,144.0,5.22,95.3,5.1,15.486,,0.9786852767900935
1996-09,144.5,5.3,94.7,5.2,15.534,,0.9820834895567258
1996-10,144.5,5.24,96.5,5.2,15.308,,0.9820834895567258
1996-11,144.6,5.31,99.2,5.4,15.712,,0.9827631321100522
1996-12,144.7,5.29,96.9,5.4,15.183,,0.9834427746633786
1997-01,144.6,5.25,97.4,5.3,15.682,,0.9827631321100522
1997-02,144.6,5.19,99.7,5.2,15.271,,0.9827631321100522
1997-03,144.7,5.39,100.0,5.2,15.816,,0.9834427746633786
1997-04,144.6,5.51,101.4,5.1,15.058,,0.9827631321100522
1997-05,144.4,5.5,103.2,4.9,15.088,,0.9814038470033993
1997-06,144.3,5.56,104.5,5.0,14.524,,0.9807242044500729
1997-07,144.3,5.52,107.1,4.9,15.568,,0.9807242044500729
1997-08,144.2,5.54,104.4,4.8,16.148,,0.9800445618967464
1997-09,144.0,5.54,106.0,4.9,15.096,,0.9786852767900935
1997-10,144.1,5.5,105.6,4.7,15.431,,0.97936491934342
1997-11,143.8,5.52,107.2,4.6,15.825,,0.9773259916834407
1997-12,143.3,5.5,102.1,4.7,16.474,,0.9739277789168084
1998-01,143.4,5.56,106.6,4.6,14.789,,0.9746074214701348
1998-02,143.6,5.51,110.4,4.6,15.232,,0.9759667065767876
1998-03,143.8,5.49,106.5,4.7,15.405,,0.9773259916834407
1998-04,143.8,5.45,108.7,4.3,15.923,,0.9773259916834407
1998-05,143.1,5.49,106.5,4.4,17.057,,0.9725684938101554
1998-06,142.8,5.56,105.6,4.5,16.771,,0.9705295661501762
1998-07,143.4,5.54,105.2,4.5,14.668,,0.9746074214701348
1998-08,144.1,5.55,104.4,4.5,14.796,,0.97936491934342
1998-09,143.6,5.51,100.9,4.6,16.313,,0.9759667065767876
1998-10,143.2,5.07,97.4,4.5,17.131,,0.9732481363634818
1998-11,143.2,4.83,102.7,4.4,16.118,,0.9732481363634818
1998-12,143.3,4.68,100.5,4.4,17.409,,0.9739277789168084
1999-01,143.5,4.63,103.9,4.3,16.593,,0.9752870640234612
1999-02,143.0,4.76,108.1,4.4,17.097,,0.971888851256829
1999-03,142.8,4.81,105.7,4.2,16.832,,0.9705295661501762
1999-04,142.8,4.74,104.6,4.3,16.929,,0.9705295661501762
1999-05,142.8,4.74,106.8,4.2,17.564,,0.9705295661501762
1999-06,142.8,4.76,107.3,4.3,17.346,,0.9705295661501762
1999-07,142.7,4.99,106.0,4.3,17.688,,0.9698499235968495
1999-08,142.7,5.07,104.5,4.2,17.641,,0.9698499235968495
1999-09,142.8,5.22,107.2,4.2,17.662,,0.9705295661501762
1999-10,143.0,5.2,103.2,4.1,17.684,,0.971888851256829
1999-11,142.8,5.42,107.2,4.1,17.62,,0.9705295661501762
1999-12,142.6,5.3,105.4,4.0,18.322,,0.9691702810435231
2000-01,142.4,5.45,112.0,4.0,18.635,,0.9678109959368703
2000-02,142.2,5.73,111.3,4.1,19.401,,0.9664517108302173
2000-03,142.7,5.85,107.1,4.0,18.343,,0.9698499235968495
2000-04,143.0,6.02,109.2,3.8,17.939,,0.971888851256829
2000-05,143.2,6.27,110.7,4.0,17.943,,0.9732481363634818
2000-06,143.2,6.53,106.4,4.0,17.596,,0.9732481363634818
2000-07,143.3,6.54,108.3,4.0,17.316,,0.9739277789168084
2000-08,143.2,6.5,107.3,4.1,17.531,,0.9732481363634818
2000-09,142.7,6.52,106.8,3.9,18.654,,0.9698499235968495
2000-10,142.2,6.51,105.8,3.9,17.514,,0.9664517108302173
2000-11,142.3,6.51,107.6,3.9,16.634,,0.9671313533835438
2000-12,142.6,6.4,98.4,3.9,16.222,,0.9691702810435231
2001-01,142.5,5.98,94.7,4.2,17.652,,0.9684906384901967
2001-02,142.4,5.49,90.6,4.2,17.826,,0.9678109959368703
2001-03,142.3,5.31,91.5,4.3,17.248,,0.9671313533835438
2001-04,142.3,4.8,88.4,4.4,16.872,,0.9671313533835438
2001-05,142.2,4.21,92.0,4.3,16.876,,0.9664517108302173
2001-06,142.1,3.97,92.6,4.5,17.464,,0.9657720682768909
2001-07,142.1,3.77,92.4,4.6,16.463,,0.9657720682768909
2001-08,141.6,3.65,91.5,4.9,16.348,,0.9623738555102586
2001-09,141.4,3.07,81.8,5.0,16.365,,0.9610145704036057
2001-10,141.6,2.49,82.7,5.3,22.055,,0.9623738555102586
2001-11,142.2,2.09,83.9,5.5,18.031,,0.9664517108302173
2001-12,142.5,1.82,88.8,5.7,16.465,,0.9684906384901967
2002-01,141.5,1.73,93.0,5.7,16.523,,0.9616942129569321
2002-02,140.2,1.74,90.7,5.7,17.304,,0.9528588597636882
2002-03,140.1,1.73,95.7,5.7,17.107,,0.9521792172103618
2002-04,140.0,1.75,93.0,5.9,17.668,,0.9514995746570354
2002-05,139.8,1.75,96.9,5.8,16.197,,0.9501402895503825
2002-06,139.6,1.75,92.4,5.8,16.953,,0.9487810044437295
2002-07,139.6,1.73,88.1,5.8,18.147,,0.9487810044437295
2002-08,139.4,1.74,87.6,5.7,18.449,,0.9474217193370766
2002-09,139.9,1.75,86.1,5.7,16.665,,0.950819932103709
2002-10,140.0,1.75,80.6,5.7,16.259,,0.9514995746570354
2002-11,140.1,1.34,84.2,5.9,16.52,,0.9521792172103618
2002-12,139.8,1.24,86.7,6.0,17.866,,0.9501402895503825
2003-01,138.5,1.24,82.4,5.8,16.708,,0.9413049363571385
2003-02,138.2,1.26,79.9,5.9,16.114,,0.9392660086971591
2003-03,138.7,1.25,77.6,5.9,16.467,,0.9426642214637914
2003-04,138.3,1.26,86.0,6.0,16.751,,0.9399456512504857
2003-05,138.1,1.26,92.1,6.1,16.47,,0.9385863661438327
2003-06,137.8,1.22,89.7,6.3,17.013,,0.9365474384838535
2003-07,137.6,1.01,90.9,6.2,17.117,,0.9351881533772004
2003-08,138.0,1.03,89.3,6.1,18.262,,0.9379067235905063
2003-09,137.6,1.01,87.7,6.1,17.286,,0.9351881533772004
2003-10,137.1,1.01,89.6,6.0,16.489,,0.9317899406105682
2003-11,137.2,1.0,93.7,5.8,17.563,,0.9324695831638946
2003-12,137.2,0.98,92.6,5.7,17.357,,0.9324695831638946
2004-01,136.8,1.0,103.8,5.7,16.695,,0.9297510129505889
2004-02,137.3,1.01,94.4,5.6,17.032,,0.9331492257172211
2004-03,137.3,1.0,95.8,5.8,17.247,,0.9331492257172211
2004-04,137.3,1.0,94.2,5.6,16.898,,0.9331492257172211
2004-05,137.5,1.0,90.2,5.6,18.186,,0.934508510823874
2004-06,137.7,1.03,95.6,5.6,16.173,,0.9358677959305268
2004-07,136.8,1.26,96.7,5.5,17.309,,0.9297510129505889
2004-08,135.9,1.43,95.9,5.4,17.157,,0.9236342299706508
2004-09,136.0,1.61,94.2,5.4,17.875,,0.9243138725239772
2004-10,136.4,1.76,91.7,5.5,17.514,,0.927032442737283
2004-11,137.6,1.93,92.8,5.4,17.362,,0.9351881533772004
2004-12,138.1,2.16,97.1,5.4,18.102,,0.9385863661438327
2005-01,138.5,2.28,95.5,5.3,16.889,,0.9413049363571385
2005-02,138.6,2.5,94.1,5.4,16.886,,0.9419845789104649
2005-03,138.3,2.63,92.6,5.2,17.413,,0.9399456512504857
2005-04,138.3,2.79,87.7,5.2,17.756,,0.9399456512504857
2005-05,138.7,3.0,86.9,5.1,17.414,,0.9426642214637914
2005-06,138.6,3.04,96.0,5.0,18.482,,0.9419845789104649
2005-07,137.3,3.26,96.5,5.0,21.135,,0.9331492257172211
2005-08,136.5,3.5,89.1,4.9,17.418,,0.9277120852906094
2005-09,137.1,3.62,76.9,5.0,16.927,,0.9317899406105682
2005-10,137.7,3.78,74.2,5.0,15.336,,0.9358677959305268
2005-11,137.7,4.0,81.6,5.0,16.524,,0.9358677959305268
2005-12,137.5,4.16,91.5,4.9,17.174,,0.934508510823874
2006-01,138.0,4.29,91.2,4.7,18.081,,0.9379067235905063
2006-02,138.1,4.49,86.7,4.8,17.071,,0.9385863661438327
2006-03,137.9,4.59,88.9,4.7,16.96,,0.9372270810371799
2006-04,137.9,4.79,87.4,4.7,17.127,,0.9372270810371799
2006-05,137.7,4.94,79.1,4.6,16.729,,0.9358677959305268
2006-06,137.7,4.99,84.9,4.6,16.9,,0.9358677959305268
2006-07,137.8,5.24,84.7,4.7,17.662,,0.9365474384838535
2006-08,137.6,5.25,82.0,4.7,16.458,,0.9351881533772004
2006-09,137.6,5.25,85.4,4.5,16.974,,0.9351881533772004
2006-10,137.4,5.25,93.6,4.4,16.865,,0.9338288682705476
2006-11,136.6,5.25,92.1,4.5,16.657,,0.9283917278439359
2006-12,136.4,5.24,91.7,4.4,17.107,,0.927032442737283
2007-01,136.437,5.25,96.9,4.6,16.896,,0.9272839104820139
2007-02,136.201,5.26,91.3,4.5,17.169,,0.9256799540561633
2007-03,136.481,5.26,88.4,4.4,16.438,,0.9275829532054775
2007-04,136.578,5.25,87.1,4.5,16.615,,0.9282422064822041
2007-05,136.323,5.25,88.3,4.4,16.661,,0.9265091179712217
2007-06,136.171,5.25,85.3,4.6,16.179,,0.9254760612901654
2007-07,136.236,5.26,90.4,4.7,15.837,,0.9259178289498275
2007-08,136.438,5.02,83.4,4.6,16.379,,0.927290706907547
2007-09,136.051,4.94,83.4,4.7,16.532,,0.9246604902261736
2007-10,135.831,4.76,80.9,4.7,16.455,,0.9231652766088554
2007-11,136.154,4.49,76.1,4.7,16.354,,0.9253605220561
2007-12,136.098,4.24,75.5,5.0,16.03,,0.9249799222262373
2008-01,135.926,3.94,78.4,5.0,15.705,,0.9238109370345156
2008-02,135.405,2.98,70.8,4.9,15.491,,0.9202699993316849
2008-03,134.953,2.61,69.5,5.1,15.114,,0.9171980149906492
2008-04,134.726,2.28,62.6,5.0,14.605,,0.9156552263945982
2008-05,134.646,1.98,59.8,5.4,14.697,,0.9151115123519369
2008-06,134.66,2.0,56.4,5.6,14.377,,0.9152066623094027
2008-07,134.821,2.01,61.2,5.8,13.006,,0.9163008868202583
2008-08,134.162,2.0,63.0,6.1,14.119,,0.911822042393837
2008-09,133.496,1.81,70.3,6.1,12.961,,0.9072956229886828
2008-10,132.925,0.97,57.6,6.5,10.933,,0.9034148640091888
2008-11,132.497,0.39,55.3,6.8,10.526,,0.9005059938809516
2008-12,132.069,0.16,60.1,7.3,10.383,,0.8975971237527143
2009-01,132.669,0.15,61.2,7.8,9.786,,0.9016749790726731
2009-02,133.415,0.22,56.3,8.3,9.223,,0.9067451125204883
2009-03,133.866,0.18,57.3,8.7,9.748,,0.9098103004359908
2009-04,134.367,0.15,65.1,9.0,9.379,,0.9132153096281561
2009-05,134.987,0.18,68.7,9.4,10.176,,0.9174290934587802
2009-06,135.729,0.21,70.8,9.5,10.149,,0.9224720412044626
2009-07,136.298,0.16,66.0,9.5,11.566,,0.9263392073328901
2009-08,134.771,0.16,65.7,9.6,14.754,,0.915961065543595
2009-09,135.524,0.15,73.5,9.8,9.535,,0.9210787739701433
2009-10,137.891,0.12,70.6,10.0,10.576,,0.9371659132073804
2009-11,139.067,0.12,67.4,9.9,11.041,,0.9451585096344997
2009-12,138.928,0.12,72.5,9.9,11.284,,0.9442138064853758
2010-01,138.321,0.11,74.4,9.8,10.893,,0.9400883761866842
2010-02,138.117,0.13,73.6,9.8,10.315,,0.9387019053778982
2010-03,137.879,0.16,73.6,9.9,11.772,,0.9370843561009812
2010-04,137.639,0.2,72.2,9.9,11.454,,0.9354532139729979
2010-05,137.482,0.2,73.6,9.6,12.03,,0.9343861751642752
2010-06,137.409,0.18,76.0,9.4,11.598,,0.9338900361003469
2010-07,137.484,0.18,67.8,9.4,11.948,,0.9343997680153419
2010-08,137.782,0.19,68.9,9.5,12.014,,0.9364251028242547
2010-09,138.264,0.19,68.2,9.5,11.922,,0.9397009799312882
2010-10,138.442,0.19,67.7,9.4,12.414,,0.9409107436762093
2010-11,138.469,0.19,71.6,9.8,12.3,,0.9410942471656073
2010-12,138.678,0.18,74.5,9.3,12.605,,0.9425147001020596
2011-01,138.938,0.17,74.2,9.1,12.806,,0.9442817707407084
2011-02,139.725,0.16,77.5,9.0,13.081,,0.9496305576353876
2011-03,140.42,0.14,67.5,9.0,13.259,,0.9543540733810064
2011-04,140.878,0.1,69.8,9.1,13.326,,0.9574668362752415
2011-05,142.014,0.09,74.3,9.0,12.28,,0.9651875756810302
2011-06,142.706,0.09,71.5,9.1,11.886,,0.9698907021500491
2011-07,142.856,0.07,63.7,9.0,12.72,,0.9709101659800389
2011-08,142.848,0.1,55.8,9.0,12.604,,0.9708557945757729
2011-09,142.94,0.08,59.5,9.0,13.356,,0.9714810657248331
2011-10,143.095,0.07,60.8,8.8,13.73,,0.9725345116824891
2011-11,143.035,0.08,63.7,8.6,13.743,,0.9721267261504932
2011-12,143.163,0.07,69.9,8.5,13.798,,0.9729966686187512
2012-01,143.466,0.08,75.0,8.3,14.395,,0.9750559855553304
2012-02,143.838,0.1,75.3,8.3,14.975,,0.9775842558537047
2012-03,143.901,0.13,76.2,8.2,14.594,,0.9780124306623004
2012-04,143.898,0.14,76.4,8.2,14.769,,0.9779920413857005
2012-05,143.942,0.16,79.3,8.2,14.496,,0.9782910841091642
2012-06,144.073,0.16,73.2,8.2,14.467,,0.9791814158540219
2012-07,144.13,0.16,72.3,8.2,14.38,,0.9795688121094179
2012-08,144.311,0.13,74.3,8.1,14.444,,0.9807989651309389
2012-09,144.359,0.14,78.3,7.8,15.099,,0.9811251935565356
2012-10,144.547,0.16,82.6,7.8,14.83,,0.9824029215567892
2012-11,145.024,0.16,82.7,7.7,15.456,,0.9856448165361564
2012-12,145.318,0.16,72.9,7.9,15.462,,0.9876429656429363
2013-01,145.533,0.14,73.8,8.0,15.813,,0.989104197132588
2013-02,145.121,0.15,77.6,7.7,15.861,,0.9863040698128831
2013-03,145.26,0.14,78.6,7.5,15.721,,0.9872487729620067
2013-04,145.378,0.15,76.4,7.6,15.811,,0.9880507511749319
2013-05,145.379,0.11,84.5,7.5,15.884,,0.9880575476004653
2013-06,145.854,0.09,84.1,7.5,16.149,,0.9912858497287661
2013-07,146.024,0.09,85.1,7.3,16.021,,0.992441242069421
2013-08,146.066,0.08,82.1,7.2,15.827,,0.9927266919418181
2013-09,146.381,0.08,77.5,7.2,15.857,,0.9948675659847964
2013-10,146.233,0.09,73.2,7.2,15.727,,0.9938616950058733
2013-11,146.171,0.08,75.1,6.9,16.079,,0.9934403166228107
2013-12,146.042,0.09,82.5,6.7,15.835,,0.9925635777290197
2014-01,145.624,0.07,81.2,6.6,15.614,,0.9897226718561151
2014-02,145.625,0.07,81.6,6.7,15.993,,0.9897294682816484
2014-03,145.646,0.08,80.0,6.7,16.985,,0.9898721932178468
2014-04,145.986,0.09,84.1,6.2,16.695,,0.9921829778991569
2014-05,146.14,0.09,81.9,6.3,17.137,,0.9932296274312795
2014-06,146.099,0.1,82.5,6.1,17.516,,0.9929509739844157
2014-07,146.255,0.09,81.8,6.2,17.277,,0.994011216367605
2014-08,146.464,0.09,82.5,6.1,17.239,,0.9954316693040574
2014-09,146.717,0.09,84.6,5.9,16.959,,0.9971511649639734
2014-10,146.928,0.09,86.9,5.7,16.756,,0.9985852107514921
2014-11,146.959,0.09,88.8,5.8,16.949,,0.9987958999430233
2014-12,146.886,0.12,93.6,5.6,17.178,,0.998299760879095
2015-01,146.104,0.11,98.1,5.7,16.91,,0.9929849561120822
2015-02,146.316,0.11,95.4,5.5,16.891,,0.9944257983251342
2015-03,146.672,0.11,93.0,5.4,17.896,,0.9968453258149763
2015-04,147.024,0.12,95.9,5.4,17.693,,0.9992376676026855
2015-05,147.327,0.12,90.7,5.6,17.929,,1.0012969845392645
2015-06,147.489,0.13,96.1,5.3,17.889,,1.0023980054756536
2015-07,147.462,0.13,93.1,5.2,18.318,,1.0022145019862554
2015-08,147.41,0.14,91.9,5.1,18.391,,1.0018610878585257
2015-09,147.611,0.14,87.2,5.0,18.281,,1.0032271693907118
2015-10,147.481,0.12,90.0,5.0,18.27,,1.0023436340713874
2015-11,147.466,0.12,91.3,5.1,18.314,,1.0022416876883884
2015-12,147.272,0.24,92.6,5.0,17.503,,1.000923181134935
2016-01,146.706,0.34,92.0,4.8,18.054,,0.9970764042831073
2016-02,147.374,0.38,91.7,4.9,18.096,,1.001616416539328
2016-03,147.443,0.36,91.0,5.0,17.291,,1.0020853699011234
2016-04,147.213,0.37,89.0,5.1,17.669,,1.0005221920284724
2016-05,147.175,0.37,94.7,4.8,17.695,,1.0002639278582086
2016-06,147.046,0.38,93.5,4.9,17.735,,0.9993871889644173
2016-07,147.303,0.39,90.0,4.8,18.109,,1.0011338703264663
2016-08,147.335,0.4,89.8,4.9,17.927,,1.0013513559435308
2016-09,147.482,0.4,91.2,5.0,17.956,,1.0023504304969206
2016-10,147.784,0.4,87.2,4.9,17.954,,1.0044029510079664
2016-11,147.737,0.41,93.8,4.7,17.792,,1.0040835190079032
2016-12,147.686,0.54,98.2,4.7,18.277,,1.0037369013057067
2017-01,148.166,0.65,98.5,4.7,17.652,,1.0069991855616736
2017-02,148.284,0.66,96.3,4.6,17.699,,1.0078011637745987
2017-03,148.053,0.79,96.9,4.4,17.061,,1.0062311894764147
2017-04,148.147,0.9,97.0,4.4,17.166,,1.0068700534765416
2017-05,147.786,0.91,97.1,4.4,17.081,,1.0044165438590331
2017-06,147.097,1.04,95.0,4.3,17.13,,0.9997338066666138
2017-07,146.198,1.15,93.4,4.3,17.237,,0.9936238201122091
2017-08,146.097,1.16,96.8,4.4,17.051,,0.9929373811333493
2017-09,145.747,1.15,95.1,4.3,18.313,,0.9905586321967068
2017-10,145.474,1.15,100.7,4.2,18.482,,0.9887032080261254
2017-11,145.901,1.16,98.5,4.2,18.003,,0.9916052817288294
2017-12,146.79,1.3,95.9,4.1,17.887,,0.9976473040279016
2018-01,147.787,1.41,95.7,4.0,17.176,,1.0044233402845664
2018-02,147.386,1.42,99.7,4.1,17.447,,1.0016979736457272
2018-03,147.475,1.51,101.4,4.0,17.662,,1.0023028555181877
2018-04,145.964,1.69,98.8,4.0,17.584,,0.992033456537425
2018-05,145.786,1.7,98.0,3.8,17.829,,0.990823692792504
2018-06,145.769,1.82,98.2,4.0,17.743,,0.9907081535584386
2018-07,145.466,1.91,97.9,3.8,17.629,,0.9886488366218594
2018-08,145.491,1.91,96.2,3.8,17.564,,0.988818747260191
2018-09,145.434,1.95,100.1,3.7,17.776,,0.9884313510047948
2018-10,145.457,2.19,98.6,3.8,17.991,,0.98858766879206
2018-11,146.183,2.2,97.5,3.8,18.061,,0.99352187372921
2018-12,147.281,2.27,98.3,3.9,18.077,,1.0009843489647345
2019-01,147.792,2.4,91.2,4.0,16.97,,1.0044573224122326
2019-02,147.755,2.4,93.8,3.8,16.962,,1.004205854667502
2019-03,148.452,2.41,98.4,3.8,17.842,,1.0089429632641873
2019-04,147.686,2.42,97.2,3.7,16.968,,1.0037369013057067
2019-05,147.143,2.39,100.0,3.6,17.967,,1.000046442241144
2019-06,146.697,2.38,98.2,3.6,17.781,,0.997015236453308
2019-07,146.081,2.4,98.4,3.7,17.682,,0.9928286383248169
2019-08,145.841,2.13,89.8,3.6,17.882,,0.9911974961968336
2019-09,145.559,2.04,93.2,3.5,17.72,,0.9892809041964529
2019-10,145.596,1.83,95.5,3.6,17.049,,0.9895323719411837
2019-11,146.098,1.55,96.8,3.6,17.549,,0.9929441775588826
2019-12,147.316,1.55,99.3,3.6,17.491,,1.0012222238583988
2020-01,147.877,1.55,99.8,3.6,16.85,,1.0050350185825603
2020-02,148.23,1.58,101.0,3.5,17.13,,1.0074341567958025
2020-03,147.67,0.65,89.1,4.4,11.825,,1.0036281584971742
2020-04,146.838,0.05,71.8,14.8,8.919,,0.9979735324534983
2020-05,146.749,0.05,72.3,13.2,12.543,,0.9973686505810377
2020-06,146.449,0.08,78.1,11.0,13.532,,0.9953297229210585
2020-07,146.961,0.09,72.5,10.2,15.182,,0.9988094927940899
2020-08,146.898,0.1,74.1,8.4,16.09,,0.9983813179854941
2020-09,147.137,0.09,80.4,7.8,16.713,,1.0000056636879444
2020-10,147.907,0.09,81.8,6.9,16.564,,1.0052389113485583
2020-11,148.443,0.09,76.9,6.7,16.298,,1.008881795434388
2020-12,150.089,0.09,80.7,6.7,16.906,,1.0200687118621412
2021-01,149.944,0.09,79.0,6.4,16.719,,1.0190832301598178
2021-02,149.92,0.08,76.8,6.2,16.146,,1.0189201159470196
2021-03,149.838,0.07,84.9,6.1,18.451,,1.018362809053292
2021-04,149.753,0.07,88.3,6.1,18.574,,1.0177851128829642
2021-05,151.706,0.06,82.9,5.8,17.519,,1.0310585319494299
2021-06,154.225,0.08,85.5,5.9,16.056,,1.0481787278677235
2021-07,156.407,0.1,81.2,5.4,15.187,,1.0630085283813067
2021-08,158.16,0.09,70.3,5.1,13.874,,1.0749226623411194
2021-09,160.01,0.08,72.8,4.7,12.731,,1.0874960495776587
2021-10,162.423,0.08,71.7,4.5,13.156,,1.1038958243894261
2021-11,164.865,0.08,67.4,4.1,13.37,,1.120492695541658
2021-12,167.676,0.08,70.6,3.9,13.123,,1.1395974477156647
2022-01,168.179,0.08,67.2,4.0,14.886,,1.1430160497588968
2022-02,168.467,0.08,62.8,3.9,14.198,,1.144973420312477
2022-03,168.602,0.2,59.4,3.7,14.221,,1.1458909377594677
2022-04,169.574,0.33,65.2,3.7,14.615,,1.152497063377801
2022-05,170.877,0.77,58.4,3.6,13.291,,1.1613528058476446
2022-06,171.871,1.21,50.0,3.6,13.821,,1.1681084528277095
2022-07,172.782,1.68,51.5,3.5,13.87,,1.1742999964885135
2022-08,174.086,2.33,58.2,3.6,14.184,,1.1831625353838906
2022-09,175.065,2.56,58.6,3.5,14.12,,1.1898162359809563
2022-10,176.044,3.08,59.9,3.6,15.099,,1.1964699365780225
2022-11,176.718,3.78,56.7,3.6,14.583,,1.2010507273874427
2022-12,177.501,4.1,59.8,3.5,13.874,,1.2063723285799888
2023-01,177.861,4.33,64.9,3.5,15.657,,1.208819041771964
2023-02,178.281,4.57,66.9,3.6,15.47,,1.2116735404959351
2023-03,178.884,4.65,62.0,3.5,15.621,,1.2157717850924936
2023-04,178.795,4.83,63.7,3.4,16.41,,1.215166903220033
2023-05,178.855,5.06,59.0,3.6,15.931,,1.215574688752029
2023-06,178.872,5.08,64.2,3.6,16.606,4.05,1.2156902279860946
2023-07,178.873,5.12,71.5,3.5,16.321,3.79,1.2156970244116276
2023-08,179.195,5.33,69.4,3.7,16.071,3.85,1.2178854734333389
2023-09,179.508,5.33,67.8,3.7,16.209,4.03,1.2200127546252508
2023-10,179.328,5.33,63.8,3.9,15.738,4.42,1.2187893980292632
2023-11,179.074,5.33,61.3,3.7,15.782,3.84,1.217063105943814
2023-12,179.259,5.33,69.7,3.8,16.321,3.39,1.2183204446674678
2024-01,179.147,5.33,79.0,3.7,15.558,3.59,1.2175592450077422
2024-02,179.045,5.33,76.9,3.9,16.255,3.29,1.2168660096033492
2024-03,178.756,5.33,79.4,3.9,16.21,3.15,1.2149018426242357
2024-04,178.188,5.33,77.2,3.9,16.458,3.18,1.2110414729213415
2024-05,177.504,5.33,69.1,3.9,16.361,3.2,1.2063927178565885
2024-06,177.313,5.33,68.2,4.1,15.79,3.21,1.205094600579735
2024-07,177.066,5.33,66.4,4.2,16.337,3.25,1.2034158834730189
2024-08,177.068,5.33,67.9,4.2,15.978,3.17,1.2034294763240854
2024-09,177.203,5.13,70.1,4.1,16.341,3.03,1.204346993771076
2024-10,177.045,4.83,70.5,4.1,16.493,2.88,1.2032731585368202
2024-11,177.837,4.64,71.8,4.2,16.908,2.74,1.2086559275591657
2024-12,178.489,4.48,74.0,4.1,17.301,2.92,1.2130871970068542
2025-01,178.538,4.33,71.7,4.0,15.95,2.68,1.2134202218579841
2025-02,178.473,4.33,64.7,4.2,16.419,2.87,1.212978454198322
2025-03,178.631,4.33,57.0,4.2,18.35,3.55,1.2140522894325778
2025-04,178.763,4.33,52.2,4.2,17.583,3.94,1.2149494176029687
2025-05,178.286,4.33,52.2,4.3,16.043,3.32,1.2117075226236016
2025-06,177.778,4.33,60.7,4.1,16.282,2.96,1.208254938452703
2025-07,177.842,4.33,61.7,4.3,16.998,2.86,1.2086899096868322
2025-08,178.245,4.33,58.2,4.3,16.9,2.84,1.2114288691767376
2025-09,178.527,4.22,55.1,4.4,16.985,2.8,1.2133454611771182
2025-10,178.609,4.09,53.6,,15.845,2.94,1.213902768070846
2025-11,178.929,3.88,51.0,4.5,16.006,2.92,1.2160776242414906
2025-12,178.938,3.72,52.9,4.4,16.4,2.81,1.2161387920712898
2026-01,179.2,3.64,56.4,4.3,14.987,2.88,1.2179194555610051
2026-02,179.278,3.64,56.6,4.4,15.881,3.12,1.2184495767525998
2026-03,179.465,3.64,53.3,4.3,16.537,3.28,1.2197205083273204
2026-04,179.174,3.64,49.8,4.3,16.318,2.83,1.2177427484971404
2026-05,,3.63,,,,2.74,
1952-11,,,86.2,2.8,,,
1952-12,,,,2.7,,,
1948-01,,,,3.4,,,
1948-02,,,,3.8,,,
1948-03,,,,4.0,,,
1948-04,,,,3.9,,,
1948-05,,,,3.5,,,
1948-06,,,,3.6,,,
1948-07,,,,3.6,,,
1948-08,,,,3.9,,,
1948-09,,,,3.8,,,
1948-10,,,,3.7,,,
1948-11,,,,3.8,,,
1948-12,,,,4.0,,,
1949-01,,,,4.3,,,
1949-02,,,,4.7,,,
1949-03,,,,5.0,,,
1949-04,,,,5.3,,,
1949-05,,,,6.1,,,
1949-06,,,,6.2,,,
1949-07,,,,6.7,,,
1949-08,,,,6.8,,,
1949-09,,,,6.6,,,
1949-10,,,,7.9,,,
1949-11,,,,6.4,,,
1949-12,,,,6.6,,,
1950-01,,,,6.5,,,
1950-02,,,,6.4,,,
1950-03,,,,6.3,,,
1950-04,,,,5.8,,,
1950-05,,,,5.5,,,
1950-06,,,,5.4,,,
1950-07,,,,5.0,,,
1950-08,,,,4.5,,,
1950-09,,,,4.4,,,
1950-10,,,,4.2,,,
1950-11,,,,4.2,,,
1950-12,,,,4.3,,,
1951-01,,,,3.7,,,
1951-02,,,,3.4,,,
1951-03,,,,3.4,,,
1951-04,,,,3.1,,,
1951-05,,,,3.0,,,
1951-06,,,,3.2,,,
1951-07,,,,3.1,,,
1951-08,,,,3.1,,,
1951-09,,,,3.3,,,
1951-10,,,,3.5,,,
1951-11,,,,3.5,,,
1951-12,,,,3.1,,,
1952-01,,,,3.2,,,
1952-02,,,,3.1,,,
1952-03,,,,2.9,,,
1952-04,,,,2.9,,,
1952-05,,,,3.0,,,
1952-06,,,,3.0,,,
1952-07,,,,3.2,,,
1952-08,,,,3.4,,,
1952-09,,,,3.1,,,
1952-10,,,,3.0,,,
2026-06,,,,,,2.75,
